,min_sample,epsilon,n_cluster,silhouette_score,calinski_harabasz_score
0,1,0.1,846,0.9712294673967148,1.0
1,1,0.2,846,0.9712294673967148,1.0
2,1,0.3,846,0.9712294673967148,1.0
3,1,0.4,846,0.9712294673967148,1.0
4,1,0.5,846,0.9712294673967148,1.0
5,1,0.6,846,0.9712294673967148,1.0
6,1,0.7,846,0.9712294673967148,1.0
7,1,0.8,846,0.9712294673967148,1.0
8,1,0.9,846,0.9712294673967148,1.0
9,1,1.0,31,0.1325490079666775,201.13290386327944
10,1,1.1,31,0.1325490079666775,201.13290386327944
11,1,1.2,31,0.1325490079666775,201.13290386327944
12,1,1.3,31,0.1325490079666775,201.13290386327944
13,1,1.4,31,0.1325490079666775,201.13290386327944
14,1,1.5,2,0.5653552962420627,18.419908697301338
15,1,1.6,2,0.5653552962420627,18.419908697301338
16,1,1.7,2,0.5653552962420627,18.419908697301338
17,1,1.8,2,0.5653552962420627,18.419908697301338
18,1,1.9,2,0.5653552962420627,18.419908697301338
19,6,0.1,267,0.8166163514564957,191.08031621916285
20,6,0.2,267,0.8166163514564957,191.08031621916285
21,6,0.3,267,0.8166163514564957,191.08031621916285
22,6,0.4,267,0.8166163514564957,191.08031621916285
23,6,0.5,267,0.8166163514564957,191.08031621916285
24,6,0.6,267,0.8166163514564957,191.08031621916285
25,6,0.7,267,0.8166163514564957,191.08031621916285
26,6,0.8,267,0.8166163514564957,191.08031621916285
27,6,0.9,267,0.8166163514564957,191.08031621916285
28,6,1.0,7,0.20843128522732968,988.0215924157776
29,6,1.1,7,0.20843128522732968,988.0215924157776
30,6,1.2,7,0.20843128522732968,988.0215924157776
31,6,1.3,7,0.20843128522732968,988.0215924157776
32,6,1.4,7,0.20843128522732968,988.0215924157776
33,6,1.5,2,0.5653552962420627,18.419908697301338
34,6,1.6,2,0.5653552962420627,18.419908697301338
35,6,1.7,2,0.5653552962420627,18.419908697301338
36,6,1.8,2,0.5653552962420627,18.419908697301338
37,6,1.9,2,0.5653552962420627,18.419908697301338
38,11,0.1,170,0.7043333009816872,175.14951313544157
39,11,0.2,170,0.7043333009816872,175.14951313544157
40,11,0.3,170,0.7043333009816872,175.14951313544157
41,11,0.4,170,0.7043333009816872,175.14951313544157
42,11,0.5,170,0.7043333009816872,175.14951313544157
43,11,0.6,170,0.7043333009816872,175.14951313544157
44,11,0.7,170,0.7043333009816872,175.14951313544157
45,11,0.8,170,0.7043333009816872,175.14951313544157
46,11,0.9,170,0.7043333009816872,175.14951313544157
47,11,1.0,7,0.20782017958092677,991.2688535165148
48,11,1.1,7,0.20782017958092677,991.2688535165148
49,11,1.2,7,0.20782017958092677,991.2688535165148
50,11,1.3,7,0.20782017958092677,991.2688535165148
51,11,1.4,7,0.20782017958092677,991.2688535165148
52,11,1.5,2,0.49759781716648965,18.0683760175769
53,11,1.6,2,0.49759781716648965,18.0683760175769
54,11,1.7,2,0.49759781716648965,18.0683760175769
55,11,1.8,2,0.5653552962420627,18.419908697301338
56,11,1.9,2,0.5653552962420627,18.419908697301338
57,16,0.1,137,0.6387916092095535,168.8723634230002
58,16,0.2,137,0.6387916092095535,168.8723634230002
59,16,0.3,137,0.6387916092095535,168.8723634230002
60,16,0.4,137,0.6387916092095535,168.8723634230002
61,16,0.5,137,0.6387916092095535,168.8723634230002
62,16,0.6,137,0.6387916092095535,168.8723634230002
63,16,0.7,137,0.6387916092095535,168.8723634230002
64,16,0.8,137,0.6387916092095535,168.8723634230002
65,16,0.9,137,0.6387916092095535,168.8723634230002
66,16,1.0,8,0.18816940527478482,866.6634162893031
67,16,1.1,8,0.18816940527478482,866.6634162893031
68,16,1.2,8,0.18816940527478482,866.6634162893031
69,16,1.3,8,0.18816940527478482,866.6634162893031
70,16,1.4,8,0.18816940527478482,866.6634162893031
71,16,1.5,2,0.4354562419034844,25.05839082070973
72,16,1.6,2,0.4354562419034844,25.05839082070973
73,16,1.7,2,0.4354562419034844,25.05839082070973
74,16,1.8,2,0.5653552962420627,18.419908697301338
75,16,1.9,2,0.5653552962420627,18.419908697301338
76,21,0.1,109,0.5654399541934181,163.19097170095426
77,21,0.2,109,0.5654399541934181,163.19097170095426
78,21,0.3,109,0.5654399541934181,163.19097170095426
79,21,0.4,109,0.5654399541934181,163.19097170095426
80,21,0.5,109,0.5654399541934181,163.19097170095426
81,21,0.6,109,0.5654399541934181,163.19097170095426
82,21,0.7,109,0.5654399541934181,163.19097170095426
83,21,0.8,109,0.5654399541934181,163.19097170095426
84,21,0.9,109,0.5654399541934181,163.19097170095426
85,21,1.0,8,0.18275138821968226,866.3411022547218
86,21,1.1,8,0.18275138821968226,866.3411022547218
87,21,1.2,8,0.18275138821968226,866.3411022547218
88,21,1.3,8,0.18275138821968226,866.3411022547218
89,21,1.4,8,0.18275138821968226,866.3411022547218
90,21,1.5,2,0.4354562419034844,25.05839082070973
91,21,1.6,2,0.4354562419034844,25.05839082070973
92,21,1.7,2,0.4354562419034844,25.05839082070973
93,21,1.8,2,0.5653552962420627,18.419908697301338
94,21,1.9,2,0.5653552962420627,18.419908697301338
95,26,0.1,91,0.5098053486284507,162.7570389222503
96,26,0.2,91,0.5098053486284507,162.7570389222503
97,26,0.3,91,0.5098053486284507,162.7570389222503
98,26,0.4,91,0.5098053486284507,162.7570389222503
99,26,0.5,91,0.5098053486284507,162.7570389222503
100,26,0.6,91,0.5098053486284507,162.7570389222503
101,26,0.7,91,0.5098053486284507,162.7570389222503
102,26,0.8,91,0.5098053486284507,162.7570389222503
103,26,0.9,91,0.5098053486284507,162.7570389222503
104,26,1.0,8,0.18127131806843455,866.1094155494388
105,26,1.1,8,0.18127131806843455,866.1094155494388
106,26,1.2,8,0.18127131806843455,866.1094155494388
107,26,1.3,8,0.18127131806843455,866.1094155494388
108,26,1.4,8,0.18127131806843455,866.1094155494388
109,26,1.5,2,0.4122052663127008,29.157345788091526
110,26,1.6,2,0.4122052663127008,29.157345788091526
111,26,1.7,2,0.4122052663127008,29.157345788091526
112,26,1.8,2,0.5653552962420627,18.419908697301338
113,26,1.9,2,0.5653552962420627,18.419908697301338
114,31,0.1,78,0.4595274754233156,163.17842972634193
115,31,0.2,78,0.4595274754233156,163.17842972634193
116,31,0.3,78,0.4595274754233156,163.17842972634193
117,31,0.4,78,0.4595274754233156,163.17842972634193
118,31,0.5,78,0.4595274754233156,163.17842972634193
119,31,0.6,78,0.4595274754233156,163.17842972634193
120,31,0.7,78,0.4595274754233156,163.17842972634193
121,31,0.8,78,0.4595274754233156,163.17842972634193
122,31,0.9,78,0.4595274754233156,163.17842972634193
123,31,1.0,9,0.17440956448043096,776.7540737166704
124,31,1.1,9,0.17440956448043096,776.7540737166704
125,31,1.2,9,0.17440956448043096,776.7540737166704
126,31,1.3,9,0.17440956448043096,776.7540737166704
127,31,1.4,9,0.17440956448043096,776.7540737166704
128,31,1.5,2,0.4000215797383951,30.542846302386057
129,31,1.6,2,0.4000215797383951,30.542846302386057
130,31,1.7,2,0.4000215797383951,30.542846302386057
131,31,1.8,2,0.5653552962420627,18.419908697301338
132,31,1.9,2,0.5653552962420627,18.419908697301338
133,36,0.1,67,0.41220826195155197,165.0173053887302
134,36,0.2,67,0.41220826195155197,165.0173053887302
135,36,0.3,67,0.41220826195155197,165.0173053887302
136,36,0.4,67,0.41220826195155197,165.0173053887302
137,36,0.5,67,0.41220826195155197,165.0173053887302
138,36,0.6,67,0.41220826195155197,165.0173053887302
139,36,0.7,67,0.41220826195155197,165.0173053887302
140,36,0.8,67,0.41220826195155197,165.0173053887302
141,36,0.9,67,0.41220826195155197,165.0173053887302
142,36,1.0,9,0.17278120273363226,777.2034260997549
143,36,1.1,9,0.17278120273363226,777.2034260997549
144,36,1.2,9,0.17278120273363226,777.2034260997549
145,36,1.3,9,0.17278120273363226,777.2034260997549
146,36,1.4,9,0.17278120273363226,777.2034260997549
147,36,1.5,2,0.4029540663961002,33.12257985247606
148,36,1.6,2,0.4029540663961002,33.12257985247606
149,36,1.7,2,0.4029540663961002,33.12257985247606
150,36,1.8,2,0.5653552962420627,18.419908697301338
151,36,1.9,2,0.5653552962420627,18.419908697301338
152,41,0.1,59,0.37165720542421926,164.77139609511852
153,41,0.2,59,0.37165720542421926,164.77139609511852
154,41,0.3,59,0.37165720542421926,164.77139609511852
155,41,0.4,59,0.37165720542421926,164.77139609511852
156,41,0.5,59,0.37165720542421926,164.77139609511852
157,41,0.6,59,0.37165720542421926,164.77139609511852
158,41,0.7,59,0.37165720542421926,164.77139609511852
159,41,0.8,59,0.37165720542421926,164.77139609511852
160,41,0.9,59,0.37165720542421926,164.77139609511852
161,41,1.0,9,0.1689186981837167,768.7344123733191
162,41,1.1,9,0.1689186981837167,768.7344123733191
163,41,1.2,9,0.1689186981837167,768.7344123733191
164,41,1.3,9,0.1689186981837167,768.7344123733191
165,41,1.4,9,0.1689186981837167,768.7344123733191
166,41,1.5,2,0.40781895476164287,57.0369806635541
167,41,1.6,2,0.40781895476164287,57.0369806635541
168,41,1.7,2,0.40781895476164287,57.0369806635541
169,41,1.8,2,0.5653552962420627,18.419908697301338
170,41,1.9,2,0.5653552962420627,18.419908697301338
171,46,0.1,53,0.3340724099484912,166.2361363869359
172,46,0.2,53,0.3340724099484912,166.2361363869359
173,46,0.3,53,0.3340724099484912,166.2361363869359
174,46,0.4,53,0.3340724099484912,166.2361363869359
175,46,0.5,53,0.3340724099484912,166.2361363869359
176,46,0.6,53,0.3340724099484912,166.2361363869359
177,46,0.7,53,0.3340724099484912,166.2361363869359
178,46,0.8,53,0.3340724099484912,166.2361363869359
179,46,0.9,53,0.3340724099484912,166.2361363869359
180,46,1.0,9,0.17107099901142564,771.6685405256208
181,46,1.1,9,0.17107099901142564,771.6685405256208
182,46,1.2,9,0.17107099901142564,771.6685405256208
183,46,1.3,9,0.17107099901142564,771.6685405256208
184,46,1.4,9,0.17107099901142564,771.6685405256208
185,46,1.5,2,0.3905849589726246,58.58554839816323
186,46,1.6,2,0.3905849589726246,58.58554839816323
187,46,1.7,2,0.3905849589726246,58.58554839816323
188,46,1.8,2,0.5653552962420627,18.419908697301338
189,46,1.9,2,0.5653552962420627,18.419908697301338
190,51,0.1,46,0.29137933879629724,169.41070678655853
191,51,0.2,46,0.29137933879629724,169.41070678655853
192,51,0.3,46,0.29137933879629724,169.41070678655853
193,51,0.4,46,0.29137933879629724,169.41070678655853
194,51,0.5,46,0.29137933879629724,169.41070678655853
195,51,0.6,46,0.29137933879629724,169.41070678655853
196,51,0.7,46,0.29137933879629724,169.41070678655853
197,51,0.8,46,0.29137933879629724,169.41070678655853
198,51,0.9,46,0.29137933879629724,169.41070678655853
199,51,1.0,9,0.16811016213095836,768.4466666657215
200,51,1.1,9,0.16811016213095836,768.4466666657215
201,51,1.2,9,0.16811016213095836,768.4466666657215
202,51,1.3,9,0.16811016213095836,768.4466666657215
203,51,1.4,9,0.16811016213095836,768.4466666657215
204,51,1.5,2,0.3905849589726246,58.58554839816323
205,51,1.6,2,0.3905849589726246,58.58554839816323
206,51,1.7,2,0.3905849589726246,58.58554839816323
207,51,1.8,2,0.5653552962420627,18.419908697301338
208,51,1.9,2,0.5653552962420627,18.419908697301338
209,56,0.1,42,0.26090374064885474,170.37176577518102
210,56,0.2,42,0.26090374064885474,170.37176577518102
211,56,0.3,42,0.26090374064885474,170.37176577518102
212,56,0.4,42,0.26090374064885474,170.37176577518102
213,56,0.5,42,0.26090374064885474,170.37176577518102
214,56,0.6,42,0.26090374064885474,170.37176577518102
215,56,0.7,42,0.26090374064885474,170.37176577518102
216,56,0.8,42,0.26090374064885474,170.37176577518102
217,56,0.9,42,0.26090374064885474,170.37176577518102
218,56,1.0,7,0.1754858123937922,971.8667390640312
219,56,1.1,7,0.1754858123937922,971.8667390640312
220,56,1.2,7,0.1754858123937922,971.8667390640312
221,56,1.3,7,0.1754858123937922,971.8667390640312
222,56,1.4,7,0.1754858123937922,971.8667390640312
223,56,1.5,2,0.37638991569661273,59.881518204252714
224,56,1.6,2,0.37638991569661273,59.881518204252714
225,56,1.7,2,0.37638991569661273,59.881518204252714
226,56,1.8,2,0.5271411021576174,20.3489763304732
227,56,1.9,2,0.5271411021576174,20.3489763304732
228,61,0.1,39,0.23648781450184342,172.14751660094444
229,61,0.2,39,0.23648781450184342,172.14751660094444
230,61,0.3,39,0.23648781450184342,172.14751660094444
231,61,0.4,39,0.23648781450184342,172.14751660094444
232,61,0.5,39,0.23648781450184342,172.14751660094444
233,61,0.6,39,0.23648781450184342,172.14751660094444
234,61,0.7,39,0.23648781450184342,172.14751660094444
235,61,0.8,39,0.23648781450184342,172.14751660094444
236,61,0.9,39,0.23648781450184342,172.14751660094444
237,61,1.0,7,0.17438357206367944,964.8487501530825
238,61,1.1,7,0.17438357206367944,964.8487501530825
239,61,1.2,7,0.17438357206367944,964.8487501530825
240,61,1.3,7,0.17438357206367944,964.8487501530825
241,61,1.4,7,0.17438357206367944,964.8487501530825
242,61,1.5,2,0.37399245339921977,61.71408137877274
243,61,1.6,2,0.37399245339921977,61.71408137877274
244,61,1.7,2,0.37399245339921977,61.71408137877274
245,61,1.8,2,0.5271411021576174,20.3489763304732
246,61,1.9,2,0.5271411021576174,20.3489763304732
247,66,0.1,37,0.22131138108159842,173.1575441728039
248,66,0.2,37,0.22131138108159842,173.1575441728039
249,66,0.3,37,0.22131138108159842,173.1575441728039
250,66,0.4,37,0.22131138108159842,173.1575441728039
251,66,0.5,37,0.22131138108159842,173.1575441728039
252,66,0.6,37,0.22131138108159842,173.1575441728039
253,66,0.7,37,0.22131138108159842,173.1575441728039
254,66,0.8,37,0.22131138108159842,173.1575441728039
255,66,0.9,37,0.22131138108159842,173.1575441728039
256,66,1.0,7,0.1722541798906026,960.5944674484565
257,66,1.1,7,0.1722541798906026,960.5944674484565
258,66,1.2,7,0.1722541798906026,960.5944674484565
259,66,1.3,7,0.1722541798906026,960.5944674484565
260,66,1.4,7,0.1722541798906026,960.5944674484565
261,66,1.5,2,0.37425703892859535,64.41958958144832
262,66,1.6,2,0.37425703892859535,64.41958958144832
263,66,1.7,2,0.37425703892859535,64.41958958144832
264,66,1.8,2,0.5271411021576174,20.3489763304732
265,66,1.9,2,0.5271411021576174,20.3489763304732
266,71,0.1,37,0.22131138108159842,173.1575441728039
267,71,0.2,37,0.22131138108159842,173.1575441728039
268,71,0.3,37,0.22131138108159842,173.1575441728039
269,71,0.4,37,0.22131138108159842,173.1575441728039
270,71,0.5,37,0.22131138108159842,173.1575441728039
271,71,0.6,37,0.22131138108159842,173.1575441728039
272,71,0.7,37,0.22131138108159842,173.1575441728039
273,71,0.8,37,0.22131138108159842,173.1575441728039
274,71,0.9,37,0.22131138108159842,173.1575441728039
275,71,1.0,9,0.13267088781203434,739.9037823314325
276,71,1.1,9,0.13267088781203434,739.9037823314325
277,71,1.2,9,0.13267088781203434,739.9037823314325
278,71,1.3,9,0.13267088781203434,739.9037823314325
279,71,1.4,9,0.13267088781203434,739.9037823314325
280,71,1.5,2,0.357876566495256,74.54365933864561
281,71,1.6,2,0.357876566495256,74.54365933864561
282,71,1.7,2,0.357876566495256,74.54365933864561
283,71,1.8,2,0.5050898043793659,36.01024056002648
284,71,1.9,2,0.5050898043793659,36.01024056002648
285,76,0.1,33,0.18026703014557455,171.89231117176763
286,76,0.2,33,0.18026703014557455,171.89231117176763
287,76,0.3,33,0.18026703014557455,171.89231117176763
288,76,0.4,33,0.18026703014557455,171.89231117176763
289,76,0.5,33,0.18026703014557455,171.89231117176763
290,76,0.6,33,0.18026703014557455,171.89231117176763
291,76,0.7,33,0.18026703014557455,171.89231117176763
292,76,0.8,33,0.18026703014557455,171.89231117176763
293,76,0.9,33,0.18026703014557455,171.89231117176763
294,76,1.0,9,0.12916726408486284,735.6333764238265
295,76,1.1,9,0.12916726408486284,735.6333764238265
296,76,1.2,9,0.12916726408486284,735.6333764238265
297,76,1.3,9,0.12916726408486284,735.6333764238265
298,76,1.4,9,0.12916726408486284,735.6333764238265
299,76,1.5,2,0.3512321272699084,79.01081802634916
300,76,1.6,2,0.3512321272699084,79.01081802634916
301,76,1.7,2,0.3512321272699084,79.01081802634916
302,76,1.8,2,0.5050898043793659,36.01024056002648
303,76,1.9,2,0.5050898043793659,36.01024056002648
304,81,0.1,29,0.14109734392654025,170.8775275999977
305,81,0.2,29,0.14109734392654025,170.8775275999977
306,81,0.3,29,0.14109734392654025,170.8775275999977
307,81,0.4,29,0.14109734392654025,170.8775275999977
308,81,0.5,29,0.14109734392654025,170.8775275999977
309,81,0.6,29,0.14109734392654025,170.8775275999977
310,81,0.7,29,0.14109734392654025,170.8775275999977
311,81,0.8,29,0.14109734392654025,170.8775275999977
312,81,0.9,29,0.14109734392654025,170.8775275999977
313,81,1.0,8,0.14289873753944565,827.1099786523156
314,81,1.1,8,0.14289873753944565,827.1099786523156
315,81,1.2,8,0.14289873753944565,827.1099786523156
316,81,1.3,8,0.14289873753944565,827.1099786523156
317,81,1.4,8,0.14289873753944565,827.1099786523156
318,81,1.5,2,0.34812358199968496,79.2282889179106
319,81,1.6,2,0.34812358199968496,79.2282889179106
320,81,1.7,2,0.34812358199968496,79.2282889179106
321,81,1.8,2,0.5050898043793659,36.01024056002648
322,81,1.9,2,0.5050898043793659,36.01024056002648
323,86,0.1,27,0.11728631647067576,168.87521622217815
324,86,0.2,27,0.11728631647067576,168.87521622217815
325,86,0.3,27,0.11728631647067576,168.87521622217815
326,86,0.4,27,0.11728631647067576,168.87521622217815
327,86,0.5,27,0.11728631647067576,168.87521622217815
328,86,0.6,27,0.11728631647067576,168.87521622217815
329,86,0.7,27,0.11728631647067576,168.87521622217815
330,86,0.8,27,0.11728631647067576,168.87521622217815
331,86,0.9,27,0.11728631647067576,168.87521622217815
332,86,1.0,7,0.15326868607567154,930.9665454699751
333,86,1.1,7,0.15326868607567154,930.9665454699751
334,86,1.2,7,0.15326868607567154,930.9665454699751
335,86,1.3,7,0.15326868607567154,930.9665454699751
336,86,1.4,7,0.15326868607567154,930.9665454699751
337,86,1.5,2,0.3445670598391335,82.03242393911226
338,86,1.6,2,0.3445670598391335,82.03242393911226
339,86,1.7,2,0.3445670598391335,82.03242393911226
340,86,1.8,2,0.5050898043793659,36.01024056002648
341,86,1.9,2,0.5050898043793659,36.01024056002648
342,91,0.1,24,0.08696860722856835,172.13986305036508
343,91,0.2,24,0.08696860722856835,172.13986305036508
344,91,0.3,24,0.08696860722856835,172.13986305036508
345,91,0.4,24,0.08696860722856835,172.13986305036508
346,91,0.5,24,0.08696860722856835,172.13986305036508
347,91,0.6,24,0.08696860722856835,172.13986305036508
348,91,0.7,24,0.08696860722856835,172.13986305036508
349,91,0.8,24,0.08696860722856835,172.13986305036508
350,91,0.9,24,0.08696860722856835,172.13986305036508
351,91,1.0,7,0.15317207600997507,930.1739102094771
352,91,1.1,7,0.15317207600997507,930.1739102094771
353,91,1.2,7,0.15317207600997507,930.1739102094771
354,91,1.3,7,0.15317207600997507,930.1739102094771
355,91,1.4,7,0.15317207600997507,930.1739102094771
356,91,1.5,2,0.3240141317886578,100.24645016588823
357,91,1.6,2,0.3240141317886578,100.24645016588823
358,91,1.7,2,0.3240141317886578,100.24645016588823
359,91,1.8,2,0.5050898043793659,36.01024056002648
360,91,1.9,2,0.5050898043793659,36.01024056002648
361,96,0.1,23,0.0749734881813364,173.61850039284067
362,96,0.2,23,0.0749734881813364,173.61850039284067
363,96,0.3,23,0.0749734881813364,173.61850039284067
364,96,0.4,23,0.0749734881813364,173.61850039284067
365,96,0.5,23,0.0749734881813364,173.61850039284067
366,96,0.6,23,0.0749734881813364,173.61850039284067
367,96,0.7,23,0.0749734881813364,173.61850039284067
368,96,0.8,23,0.0749734881813364,173.61850039284067
369,96,0.9,23,0.0749734881813364,173.61850039284067
370,96,1.0,7,0.15012845591536214,924.1792722104776
371,96,1.1,7,0.15012845591536214,924.1792722104776
372,96,1.2,7,0.15012845591536214,924.1792722104776
373,96,1.3,7,0.15012845591536214,924.1792722104776
374,96,1.4,7,0.15012845591536214,924.1792722104776
375,96,1.5,2,0.32583059736348924,103.60180049449069
376,96,1.6,2,0.32583059736348924,103.60180049449069
377,96,1.7,2,0.32583059736348924,103.60180049449069
378,96,1.8,2,0.5050898043793659,36.01024056002648
379,96,1.9,2,0.5050898043793659,36.01024056002648
380,101,0.1,23,0.0749734881813364,173.61850039284067
381,101,0.2,23,0.0749734881813364,173.61850039284067
382,101,0.3,23,0.0749734881813364,173.61850039284067
383,101,0.4,23,0.0749734881813364,173.61850039284067
384,101,0.5,23,0.0749734881813364,173.61850039284067
385,101,0.6,23,0.0749734881813364,173.61850039284067
386,101,0.7,23,0.0749734881813364,173.61850039284067
387,101,0.8,23,0.0749734881813364,173.61850039284067
388,101,0.9,23,0.0749734881813364,173.61850039284067
389,101,1.0,7,0.15012845591536214,924.1792722104776
390,101,1.1,7,0.15012845591536214,924.1792722104776
391,101,1.2,7,0.15012845591536214,924.1792722104776
392,101,1.3,7,0.15012845591536214,924.1792722104776
393,101,1.4,7,0.15012845591536214,924.1792722104776
394,101,1.5,2,0.3230210552985461,106.68027225628742
395,101,1.6,2,0.3230210552985461,106.68027225628742
396,101,1.7,2,0.3230210552985461,106.68027225628742
397,101,1.8,2,0.5050898043793659,36.01024056002648
398,101,1.9,2,0.5050898043793659,36.01024056002648
399,106,0.1,19,0.044181530584644066,173.34031435483732
400,106,0.2,19,0.044181530584644066,173.34031435483732
401,106,0.3,19,0.044181530584644066,173.34031435483732
402,106,0.4,19,0.044181530584644066,173.34031435483732
403,106,0.5,19,0.044181530584644066,173.34031435483732
404,106,0.6,19,0.044181530584644066,173.34031435483732
405,106,0.7,19,0.044181530584644066,173.34031435483732
406,106,0.8,19,0.044181530584644066,173.34031435483732
407,106,0.9,19,0.044181530584644066,173.34031435483732
408,106,1.0,7,0.14877031742009988,915.8394314890609
409,106,1.1,7,0.14877031742009988,915.8394314890609
410,106,1.2,7,0.14877031742009988,915.8394314890609
411,106,1.3,7,0.14877031742009988,915.8394314890609
412,106,1.4,7,0.14877031742009988,915.8394314890609
413,106,1.5,2,0.3211228833605161,106.93194820417577
414,106,1.6,2,0.3211228833605161,106.93194820417577
415,106,1.7,2,0.3211228833605161,106.93194820417577
416,106,1.8,2,0.5050898043793659,36.01024056002648
417,106,1.9,2,0.5050898043793659,36.01024056002648
418,111,0.1,18,0.028752277074977104,173.71061060291598
419,111,0.2,18,0.028752277074977104,173.71061060291598
420,111,0.3,18,0.028752277074977104,173.71061060291598
421,111,0.4,18,0.028752277074977104,173.71061060291598
422,111,0.5,18,0.028752277074977104,173.71061060291598
423,111,0.6,18,0.028752277074977104,173.71061060291598
424,111,0.7,18,0.028752277074977104,173.71061060291598
425,111,0.8,18,0.028752277074977104,173.71061060291598
426,111,0.9,18,0.028752277074977104,173.71061060291598
427,111,1.0,6,0.16429179489887596,1035.6554674636184
428,111,1.1,6,0.16429179489887596,1035.6554674636184
429,111,1.2,6,0.16429179489887596,1035.6554674636184
430,111,1.3,6,0.16429179489887596,1035.6554674636184
431,111,1.4,6,0.16429179489887596,1035.6554674636184
432,111,1.5,2,0.32983574193077814,129.34785872919525
433,111,1.6,2,0.32983574193077814,129.34785872919525
434,111,1.7,2,0.32983574193077814,129.34785872919525
435,111,1.8,2,0.5050898043793659,36.01024056002648
436,111,1.9,2,0.5050898043793659,36.01024056002648
437,116,0.1,18,0.028752277074977104,173.71061060291598
438,116,0.2,18,0.028752277074977104,173.71061060291598
439,116,0.3,18,0.028752277074977104,173.71061060291598
440,116,0.4,18,0.028752277074977104,173.71061060291598
441,116,0.5,18,0.028752277074977104,173.71061060291598
442,116,0.6,18,0.028752277074977104,173.71061060291598
443,116,0.7,18,0.028752277074977104,173.71061060291598
444,116,0.8,18,0.028752277074977104,173.71061060291598
445,116,0.9,18,0.028752277074977104,173.71061060291598
446,116,1.0,6,0.16398905384310852,1034.996966431598
447,116,1.1,6,0.16398905384310852,1034.996966431598
448,116,1.2,6,0.16398905384310852,1034.996966431598
449,116,1.3,6,0.16398905384310852,1034.996966431598
450,116,1.4,6,0.16398905384310852,1034.996966431598
451,116,1.5,2,0.32983574193077814,129.34785872919525
452,116,1.6,2,0.32983574193077814,129.34785872919525
453,116,1.7,2,0.32983574193077814,129.34785872919525
454,116,1.8,2,0.46793137186358874,49.48239226267145
455,116,1.9,2,0.46793137186358874,49.48239226267145
456,121,0.1,17,0.03311305575332338,173.20538399898646
457,121,0.2,17,0.03311305575332338,173.20538399898646
458,121,0.3,17,0.03311305575332338,173.20538399898646
459,121,0.4,17,0.03311305575332338,173.20538399898646
460,121,0.5,17,0.03311305575332338,173.20538399898646
461,121,0.6,17,0.03311305575332338,173.20538399898646
462,121,0.7,17,0.03311305575332338,173.20538399898646
463,121,0.8,17,0.03311305575332338,173.20538399898646
464,121,0.9,17,0.03311305575332338,173.20538399898646
465,121,1.0,6,0.16088055838907223,1026.0477895293252
466,121,1.1,6,0.16088055838907223,1026.0477895293252
467,121,1.2,6,0.16088055838907223,1026.0477895293252
468,121,1.3,6,0.16088055838907223,1026.0477895293252
469,121,1.4,6,0.16088055838907223,1026.0477895293252
470,121,1.5,2,0.3310731508543522,132.61337023748905
471,121,1.6,2,0.3310731508543522,132.61337023748905
472,121,1.7,2,0.3310731508543522,132.61337023748905
473,121,1.8,2,0.4547014186788902,49.87623575468306
474,121,1.9,2,0.4547014186788902,49.87623575468306
475,126,0.1,17,0.03311305575332338,173.20538399898646
476,126,0.2,17,0.03311305575332338,173.20538399898646
477,126,0.3,17,0.03311305575332338,173.20538399898646
478,126,0.4,17,0.03311305575332338,173.20538399898646
479,126,0.5,17,0.03311305575332338,173.20538399898646
480,126,0.6,17,0.03311305575332338,173.20538399898646
481,126,0.7,17,0.03311305575332338,173.20538399898646
482,126,0.8,17,0.03311305575332338,173.20538399898646
483,126,0.9,17,0.03311305575332338,173.20538399898646
484,126,1.0,6,0.15685236683590198,1015.0682917320833
485,126,1.1,6,0.15685236683590198,1015.0682917320833
486,126,1.2,6,0.15685236683590198,1015.0682917320833
487,126,1.3,6,0.15685236683590198,1015.0682917320833
488,126,1.4,6,0.15685236683590198,1015.0682917320833
489,126,1.5,2,0.3310731508543522,132.61337023748905
490,126,1.6,2,0.3310731508543522,132.61337023748905
491,126,1.7,2,0.3310731508543522,132.61337023748905
492,126,1.8,2,0.4547014186788902,49.87623575468306
493,126,1.9,2,0.4547014186788902,49.87623575468306
494,131,0.1,15,0.0004093355355459031,168.80060665257383
495,131,0.2,15,0.0004093355355459031,168.80060665257383
496,131,0.3,15,0.0004093355355459031,168.80060665257383
497,131,0.4,15,0.0004093355355459031,168.80060665257383
498,131,0.5,15,0.0004093355355459031,168.80060665257383
499,131,0.6,15,0.0004093355355459031,168.80060665257383
500,131,0.7,15,0.0004093355355459031,168.80060665257383
501,131,0.8,15,0.0004093355355459031,168.80060665257383
502,131,0.9,15,0.0004093355355459031,168.80060665257383
503,131,1.0,6,0.15553144684205564,1010.9885689233355
504,131,1.1,6,0.15553144684205564,1010.9885689233355
505,131,1.2,6,0.15553144684205564,1010.9885689233355
506,131,1.3,6,0.15553144684205564,1010.9885689233355
507,131,1.4,6,0.15553144684205564,1010.9885689233355
508,131,1.5,2,0.3310731508543522,132.61337023748905
509,131,1.6,2,0.3310731508543522,132.61337023748905
510,131,1.7,2,0.3310731508543522,132.61337023748905
511,131,1.8,2,0.4547014186788902,49.87623575468306
512,131,1.9,2,0.4547014186788902,49.87623575468306
513,136,0.1,14,-0.01353309244992519,170.14843031847917
514,136,0.2,14,-0.01353309244992519,170.14843031847917
515,136,0.3,14,-0.01353309244992519,170.14843031847917
516,136,0.4,14,-0.01353309244992519,170.14843031847917
517,136,0.5,14,-0.01353309244992519,170.14843031847917
518,136,0.6,14,-0.01353309244992519,170.14843031847917
519,136,0.7,14,-0.01353309244992519,170.14843031847917
520,136,0.8,14,-0.01353309244992519,170.14843031847917
521,136,0.9,14,-0.01353309244992519,170.14843031847917
522,136,1.0,6,0.1526631730217556,1005.3173257374103
523,136,1.1,6,0.1526631730217556,1005.3173257374103
524,136,1.2,6,0.1526631730217556,1005.3173257374103
525,136,1.3,6,0.1526631730217556,1005.3173257374103
526,136,1.4,6,0.1526631730217556,1005.3173257374103
527,136,1.5,2,0.32762369179583967,130.80705909477572
528,136,1.6,2,0.32762369179583967,130.80705909477572
529,136,1.7,2,0.32762369179583967,130.80705909477572
530,136,1.8,2,0.4435735620142759,50.754265083178026
531,136,1.9,2,0.4435735620142759,50.754265083178026
532,141,0.1,11,-0.03822096164121009,174.71711682483866
533,141,0.2,11,-0.03822096164121009,174.71711682483866
534,141,0.3,11,-0.03822096164121009,174.71711682483866
535,141,0.4,11,-0.03822096164121009,174.71711682483866
536,141,0.5,11,-0.03822096164121009,174.71711682483866
537,141,0.6,11,-0.03822096164121009,174.71711682483866
538,141,0.7,11,-0.03822096164121009,174.71711682483866
539,141,0.8,11,-0.03822096164121009,174.71711682483866
540,141,0.9,11,-0.03822096164121009,174.71711682483866
541,141,1.0,6,0.15091345058924605,998.784079757501
542,141,1.1,6,0.15091345058924605,998.784079757501
543,141,1.2,6,0.15091345058924605,998.784079757501
544,141,1.3,6,0.15091345058924605,998.784079757501
545,141,1.4,6,0.15091345058924605,998.784079757501
546,141,1.5,2,0.3233728753571168,131.71347857636115
547,141,1.6,2,0.3233728753571168,131.71347857636115
548,141,1.7,2,0.3233728753571168,131.71347857636115
549,141,1.8,2,0.4435735620142759,50.754265083178026
550,141,1.9,2,0.4435735620142759,50.754265083178026
551,146,0.1,10,-0.0579980081107821,175.37624877775303
552,146,0.2,10,-0.0579980081107821,175.37624877775303
553,146,0.3,10,-0.0579980081107821,175.37624877775303
554,146,0.4,10,-0.0579980081107821,175.37624877775303
555,146,0.5,10,-0.0579980081107821,175.37624877775303
556,146,0.6,10,-0.0579980081107821,175.37624877775303
557,146,0.7,10,-0.0579980081107821,175.37624877775303
558,146,0.8,10,-0.0579980081107821,175.37624877775303
559,146,0.9,10,-0.0579980081107821,175.37624877775303
560,146,1.0,6,0.15042301065818733,996.6612718236868
561,146,1.1,6,0.15042301065818733,996.6612718236868
562,146,1.2,6,0.15042301065818733,996.6612718236868
563,146,1.3,6,0.15042301065818733,996.6612718236868
564,146,1.4,6,0.15042301065818733,996.6612718236868
565,146,1.5,2,0.31795333927006475,137.049044903899
566,146,1.6,2,0.31795333927006475,137.049044903899
567,146,1.7,2,0.31795333927006475,137.049044903899
568,146,1.8,2,0.4435735620142759,50.754265083178026
569,146,1.9,2,0.4435735620142759,50.754265083178026
570,151,0.1,9,-0.07740706143383416,176.7323636734671
571,151,0.2,9,-0.07740706143383416,176.7323636734671
572,151,0.3,9,-0.07740706143383416,176.7323636734671
573,151,0.4,9,-0.07740706143383416,176.7323636734671
574,151,0.5,9,-0.07740706143383416,176.7323636734671
575,151,0.6,9,-0.07740706143383416,176.7323636734671
576,151,0.7,9,-0.07740706143383416,176.7323636734671
577,151,0.8,9,-0.07740706143383416,176.7323636734671
578,151,0.9,9,-0.07740706143383416,176.7323636734671
579,151,1.0,6,0.1476812441740633,992.0917103540355
580,151,1.1,6,0.1476812441740633,992.0917103540355
581,151,1.2,6,0.1476812441740633,992.0917103540355
582,151,1.3,6,0.1476812441740633,992.0917103540355
583,151,1.4,6,0.1476812441740633,992.0917103540355
584,151,1.5,2,0.3097916876204368,160.2481213880231
585,151,1.6,2,0.3097916876204368,160.2481213880231
586,151,1.7,2,0.3097916876204368,160.2481213880231
587,151,1.8,2,0.4435735620142759,50.754265083178026
588,151,1.9,2,0.4435735620142759,50.754265083178026
589,156,0.1,8,-0.09924929989044884,178.10025093655835
590,156,0.2,8,-0.09924929989044884,178.10025093655835
591,156,0.3,8,-0.09924929989044884,178.10025093655835
592,156,0.4,8,-0.09924929989044884,178.10025093655835
593,156,0.5,8,-0.09924929989044884,178.10025093655835
594,156,0.6,8,-0.09924929989044884,178.10025093655835
595,156,0.7,8,-0.09924929989044884,178.10025093655835
596,156,0.8,8,-0.09924929989044884,178.10025093655835
597,156,0.9,8,-0.09924929989044884,178.10025093655835
598,156,1.0,6,0.14572922241277542,988.4852742404604
599,156,1.1,6,0.14572922241277542,988.4852742404604
600,156,1.2,6,0.14572922241277542,988.4852742404604
601,156,1.3,6,0.14572922241277542,988.4852742404604
602,156,1.4,6,0.14572922241277542,988.4852742404604
603,156,1.5,2,0.3097916876204368,160.2481213880231
604,156,1.6,2,0.3097916876204368,160.2481213880231
605,156,1.7,2,0.3097916876204368,160.2481213880231
606,156,1.8,2,0.4435735620142759,50.754265083178026
607,156,1.9,2,0.4435735620142759,50.754265083178026
608,161,0.1,6,-0.12233186251212537,189.09761788702698
609,161,0.2,6,-0.12233186251212537,189.09761788702698
610,161,0.3,6,-0.12233186251212537,189.09761788702698
611,161,0.4,6,-0.12233186251212537,189.09761788702698
612,161,0.5,6,-0.12233186251212537,189.09761788702698
613,161,0.6,6,-0.12233186251212537,189.09761788702698
614,161,0.7,6,-0.12233186251212537,189.09761788702698
615,161,0.8,6,-0.12233186251212537,189.09761788702698
616,161,0.9,6,-0.12233186251212537,189.09761788702698
617,161,1.0,6,0.1442358491344862,983.6665530607332
618,161,1.1,6,0.1442358491344862,983.6665530607332
619,161,1.2,6,0.1442358491344862,983.6665530607332
620,161,1.3,6,0.1442358491344862,983.6665530607332
621,161,1.4,6,0.1442358491344862,983.6665530607332
622,161,1.5,2,0.3097916876204368,160.2481213880231
623,161,1.6,2,0.3097916876204368,160.2481213880231
624,161,1.7,2,0.3097916876204368,160.2481213880231
625,161,1.8,2,0.4435735620142759,50.754265083178026
626,161,1.9,2,0.4435735620142759,50.754265083178026
627,166,0.1,6,-0.12233186251212537,189.09761788702698
628,166,0.2,6,-0.12233186251212537,189.09761788702698
629,166,0.3,6,-0.12233186251212537,189.09761788702698
630,166,0.4,6,-0.12233186251212537,189.09761788702698
631,166,0.5,6,-0.12233186251212537,189.09761788702698
632,166,0.6,6,-0.12233186251212537,189.09761788702698
633,166,0.7,6,-0.12233186251212537,189.09761788702698
634,166,0.8,6,-0.12233186251212537,189.09761788702698
635,166,0.9,6,-0.12233186251212537,189.09761788702698
636,166,1.0,6,0.14377331834872487,980.9514575063645
637,166,1.1,6,0.14377331834872487,980.9514575063645
638,166,1.2,6,0.14377331834872487,980.9514575063645
639,166,1.3,6,0.14377331834872487,980.9514575063645
640,166,1.4,6,0.14377331834872487,980.9514575063645
641,166,1.5,2,0.31654432271292443,183.7380722547478
642,166,1.6,2,0.31654432271292443,183.7380722547478
643,166,1.7,2,0.31654432271292443,183.7380722547478
644,166,1.8,2,0.4396087576102103,52.832364576086555
645,166,1.9,2,0.4396087576102103,52.832364576086555
646,171,0.1,5,-0.11849847314854019,200.1412011122149
647,171,0.2,5,-0.11849847314854019,200.1412011122149
648,171,0.3,5,-0.11849847314854019,200.1412011122149
649,171,0.4,5,-0.11849847314854019,200.1412011122149
650,171,0.5,5,-0.11849847314854019,200.1412011122149
651,171,0.6,5,-0.11849847314854019,200.1412011122149
652,171,0.7,5,-0.11849847314854019,200.1412011122149
653,171,0.8,5,-0.11849847314854019,200.1412011122149
654,171,0.9,5,-0.11849847314854019,200.1412011122149
655,171,1.0,6,0.14357164805902778,979.5983146805434
656,171,1.1,6,0.14357164805902778,979.5983146805434
657,171,1.2,6,0.14357164805902778,979.5983146805434
658,171,1.3,6,0.14357164805902778,979.5983146805434
659,171,1.4,6,0.14357164805902778,979.5983146805434
660,171,1.5,2,0.3159837006506728,184.66364518681561
661,171,1.6,2,0.3159837006506728,184.66364518681561
662,171,1.7,2,0.3159837006506728,184.66364518681561
663,171,1.8,2,0.4396087576102103,52.832364576086555
664,171,1.9,2,0.4396087576102103,52.832364576086555
665,176,0.1,5,-0.11849847314854019,200.1412011122149
666,176,0.2,5,-0.11849847314854019,200.1412011122149
667,176,0.3,5,-0.11849847314854019,200.1412011122149
668,176,0.4,5,-0.11849847314854019,200.1412011122149
669,176,0.5,5,-0.11849847314854019,200.1412011122149
670,176,0.6,5,-0.11849847314854019,200.1412011122149
671,176,0.7,5,-0.11849847314854019,200.1412011122149
672,176,0.8,5,-0.11849847314854019,200.1412011122149
673,176,0.9,5,-0.11849847314854019,200.1412011122149
674,176,1.0,6,0.14080962964035557,973.0127329145035
675,176,1.1,6,0.14080962964035557,973.0127329145035
676,176,1.2,6,0.14080962964035557,973.0127329145035
677,176,1.3,6,0.14080962964035557,973.0127329145035
678,176,1.4,6,0.14080962964035557,973.0127329145035
679,176,1.5,2,0.3159837006506728,184.66364518681561
680,176,1.6,2,0.3159837006506728,184.66364518681561
681,176,1.7,2,0.3159837006506728,184.66364518681561
682,176,1.8,2,0.4396087576102103,52.832364576086555
683,176,1.9,2,0.4396087576102103,52.832364576086555
684,181,0.1,5,-0.11849847314854019,200.1412011122149
685,181,0.2,5,-0.11849847314854019,200.1412011122149
686,181,0.3,5,-0.11849847314854019,200.1412011122149
687,181,0.4,5,-0.11849847314854019,200.1412011122149
688,181,0.5,5,-0.11849847314854019,200.1412011122149
689,181,0.6,5,-0.11849847314854019,200.1412011122149
690,181,0.7,5,-0.11849847314854019,200.1412011122149
691,181,0.8,5,-0.11849847314854019,200.1412011122149
692,181,0.9,5,-0.11849847314854019,200.1412011122149
693,181,1.0,6,0.13957487928038026,966.7500700780297
694,181,1.1,6,0.13957487928038026,966.7500700780297
695,181,1.2,6,0.13957487928038026,966.7500700780297
696,181,1.3,6,0.13957487928038026,966.7500700780297
697,181,1.4,6,0.13957487928038026,966.7500700780297
698,181,1.5,2,0.3132629218695286,186.38188172360216
699,181,1.6,2,0.3132629218695286,186.38188172360216
700,181,1.7,2,0.3132629218695286,186.38188172360216
701,181,1.8,2,0.4396087576102103,52.832364576086555
702,181,1.9,2,0.4396087576102103,52.832364576086555
703,186,0.1,5,-0.11849847314854019,200.1412011122149
704,186,0.2,5,-0.11849847314854019,200.1412011122149
705,186,0.3,5,-0.11849847314854019,200.1412011122149
706,186,0.4,5,-0.11849847314854019,200.1412011122149
707,186,0.5,5,-0.11849847314854019,200.1412011122149
708,186,0.6,5,-0.11849847314854019,200.1412011122149
709,186,0.7,5,-0.11849847314854019,200.1412011122149
710,186,0.8,5,-0.11849847314854019,200.1412011122149
711,186,0.9,5,-0.11849847314854019,200.1412011122149
712,186,1.0,6,0.13204693745661267,948.73231221873
713,186,1.1,6,0.13204693745661267,948.73231221873
714,186,1.2,6,0.13204693745661267,948.73231221873
715,186,1.3,6,0.13204693745661267,948.73231221873
716,186,1.4,6,0.13204693745661267,948.73231221873
717,186,1.5,2,0.3097335059870616,184.8546373567189
718,186,1.6,2,0.3097335059870616,184.8546373567189
719,186,1.7,2,0.3097335059870616,184.8546373567189
720,186,1.8,2,0.4396087576102103,52.832364576086555
721,186,1.9,2,0.4396087576102103,52.832364576086555
722,191,0.1,5,-0.11849847314854019,200.1412011122149
723,191,0.2,5,-0.11849847314854019,200.1412011122149
724,191,0.3,5,-0.11849847314854019,200.1412011122149
725,191,0.4,5,-0.11849847314854019,200.1412011122149
726,191,0.5,5,-0.11849847314854019,200.1412011122149
727,191,0.6,5,-0.11849847314854019,200.1412011122149
728,191,0.7,5,-0.11849847314854019,200.1412011122149
729,191,0.8,5,-0.11849847314854019,200.1412011122149
730,191,0.9,5,-0.11849847314854019,200.1412011122149
731,191,1.0,6,0.13164920170031877,947.2127853654404
732,191,1.1,6,0.13164920170031877,947.2127853654404
733,191,1.2,6,0.13164920170031877,947.2127853654404
734,191,1.3,6,0.13164920170031877,947.2127853654404
735,191,1.4,6,0.13164920170031877,947.2127853654404
736,191,1.5,2,0.3051803429315599,183.34228308511095
737,191,1.6,2,0.3051803429315599,183.34228308511095
738,191,1.7,2,0.3051803429315599,183.34228308511095
739,191,1.8,2,0.4372626613289024,56.02675833678972
740,191,1.9,2,0.4372626613289024,56.02675833678972
741,196,0.1,5,-0.11849847314854019,200.1412011122149
742,196,0.2,5,-0.11849847314854019,200.1412011122149
743,196,0.3,5,-0.11849847314854019,200.1412011122149
744,196,0.4,5,-0.11849847314854019,200.1412011122149
745,196,0.5,5,-0.11849847314854019,200.1412011122149
746,196,0.6,5,-0.11849847314854019,200.1412011122149
747,196,0.7,5,-0.11849847314854019,200.1412011122149
748,196,0.8,5,-0.11849847314854019,200.1412011122149
749,196,0.9,5,-0.11849847314854019,200.1412011122149
750,196,1.0,6,0.1315777081584455,946.5606929700929
751,196,1.1,6,0.1315777081584455,946.5606929700929
752,196,1.2,6,0.1315777081584455,946.5606929700929
753,196,1.3,6,0.1315777081584455,946.5606929700929
754,196,1.4,6,0.1315777081584455,946.5606929700929
755,196,1.5,2,0.30434038221824034,182.0622697776393
756,196,1.6,2,0.30434038221824034,182.0622697776393
757,196,1.7,2,0.30434038221824034,182.0622697776393
758,196,1.8,2,0.4372626613289024,56.02675833678972
759,196,1.9,2,0.4372626613289024,56.02675833678972
